reference_context,reference_command,reference_input,verification
HammerApp,FileOpen,Ctrl+O,unversioned mirror; discovery only
HammerApp,FileSave,Ctrl+S,unversioned mirror; discovery only
HammerApp,FileSaveAs,Ctrl+Shift+S,unversioned mirror; discovery only
HammerApp,SaveActivePrefab,Shift+Alt+S,unversioned mirror; discovery only
HammerApp,FileReload,Ctrl+Shift+R,unversioned mirror; discovery only
HammerApp,FileNew,Ctrl+N,unversioned mirror; discovery only
HammerApp,NextSession,Ctrl+Tab,unversioned mirror; discovery only
HammerApp,PreviousSession,Ctrl+Shift+Tab,unversioned mirror; discovery only
HammerApp,BuildMap,F9,unversioned mirror; discovery only
HammerApp,ToggleShowHelpers,Ctrl+Shift+H,unversioned mirror; discovery only
HammerApp,ToggleTextureLockScale,Ctrl+Shift+Y,unversioned mirror; discovery only
HammerApp,TogglePropertiesPopup,Alt+Enter,unversioned mirror; discovery only
HammerApp,TogglePropertiesPopup,Alt+NumEnter,unversioned mirror; discovery only
HammerApp,ShowMapVariablesPopup,Ctrl+Shift+M,unversioned mirror; discovery only
HammerApp,ShowMapPropertiesPopup,Ctrl+Shift+P,unversioned mirror; discovery only
HammerApp,ToggleShowGameObjectsOnly,Shift+O,unversioned mirror; discovery only
HammerApp,ToggleSelectThrough,Ctrl+Shift+L,unversioned mirror; discovery only
HammerApp,ViewDistanceNext,Alt+MWheelUp,unversioned mirror; discovery only
HammerApp,ViewDistancePrev,Alt+MWheelDn,unversioned mirror; discovery only
HammerApp,ShowMapManifestWidget,Ctrl+Alt+M,unversioned mirror; discovery only
HammerApp,ToggleGridNav,Ctrl+Q,unversioned mirror; discovery only
HammerApp,ToggleToolsMaterials,Ctrl+Shift+F2,unversioned mirror; discovery only
HammerApp,ToggleSelectionOverlay,Ctrl+Shift+F4,unversioned mirror; discovery only
HammerApp,ToggleInstanceOverlay,Ctrl+Shift+F5,unversioned mirror; discovery only
HammerApp,ToggleMeshSubdivision,Ctrl+Shift+F6,unversioned mirror; discovery only
HammerApp,ToggleMeshTiles3D,Ctrl+Shift+F7,unversioned mirror; discovery only
HammerApp,ToggleMeshTiles2D,Ctrl+Shift+F8,unversioned mirror; discovery only
HammerApp,ToggleSelectBackfacing,Ctrl+Shift+F9,unversioned mirror; discovery only
HammerApp,ToggleFullscreenLayout,Shift+Alt+Z,unversioned mirror; discovery only
HammerApp,ShowEntityReport,Ctrl+Alt+R,unversioned mirror; discovery only
HammerApp,CycleEditUVSet,Alt+Y,unversioned mirror; discovery only
HammerApp,ImportFile,Ctrl+Shift+Alt+F8,unversioned mirror; discovery only
HammerApp,ExportSelected,Ctrl+Shift+Alt+F9,unversioned mirror; discovery only
HammerApp,ToggleShowVisContributorsOnly,Ctrl+Shift+Alt+F7,unversioned mirror; discovery only
HammerApp,MapInformation,Ctrl+Shift+Alt+F6,unversioned mirror; discovery only
HammerEditorSession,CreateBoundingMesh,Ctrl+Alt+C,unversioned mirror; discovery only
HammerEditorSession,SelectionModeVertices,1,unversioned mirror; discovery only
HammerEditorSession,SelectionModeEdges,2,unversioned mirror; discovery only
HammerEditorSession,SelectionModeFaces,3,unversioned mirror; discovery only
HammerEditorSession,SelectionModeMeshes,4,unversioned mirror; discovery only
HammerEditorSession,SelectionModeObjects,5,unversioned mirror; discovery only
HammerEditorSession,SelectionModeGroups,6,unversioned mirror; discovery only
HammerEditorSession,SelectionModeNav,8,unversioned mirror; discovery only
HammerEditorSession,CycleSelectionModes,Space,unversioned mirror; discovery only
HammerEditorSession,CycleSelectionTopLevelModes,Shift+Space,unversioned mirror; discovery only
HammerEditorSession,ClearSelection,Esc,unversioned mirror; discovery only
HammerEditorSession,SelectAll,Ctrl+A,unversioned mirror; discovery only
HammerEditorSession,InvertSelection,Ctrl+I,unversioned mirror; discovery only
HammerEditorSession,SelectParent,Ctrl+PgUp,unversioned mirror; discovery only
HammerEditorSession,DeleteSelection,Del,unversioned mirror; discovery only
HammerEditorSession,Cut,Ctrl+X,unversioned mirror; discovery only
HammerEditorSession,Copy,Ctrl+C,unversioned mirror; discovery only
HammerEditorSession,Paste,Ctrl+V,unversioned mirror; discovery only
HammerEditorSession,PasteSpecial,Ctrl+Shift+V,unversioned mirror; discovery only
HammerEditorSession,GroupSelection,Ctrl+G,unversioned mirror; discovery only
HammerEditorSession,UngroupSelection,Ctrl+U,unversioned mirror; discovery only
HammerEditorSession,UngroupSelectionRecursive,Ctrl+Alt+U,unversioned mirror; discovery only
HammerEditorSession,ReparentSelection,P,unversioned mirror; discovery only
HammerEditorSession,UnparentSelection,Ctrl+P,unversioned mirror; discovery only
HammerEditorSession,CreateInstanceFromSelection,Ctrl+Shift+G,unversioned mirror; discovery only
HammerEditorSession,BakeSelectedInstances,Ctrl+Shift+U,unversioned mirror; discovery only
HammerEditorSession,MovePropsToWorld,Ctrl+Shift+T,unversioned mirror; discovery only
HammerEditorSession,CreateTile,Ctrl+Shift+O,unversioned mirror; discovery only
HammerEditorSession,CreateTileMesh,Ctrl+Shift+I,unversioned mirror; discovery only
HammerEditorSession,MirrorHorizontal,Ctrl+Shift+J,unversioned mirror; discovery only
HammerEditorSession,MirrorVertical,Ctrl+Shift+K,unversioned mirror; discovery only
HammerEditorSession,SelectSimilar,Ctrl+Alt+O,unversioned mirror; discovery only
HammerEditorSession,CreateLatticeDeformer,Ctrl+Alt+L,unversioned mirror; discovery only
HammerEditorSession,CreateSimpleDeformer,Ctrl+Alt+D,unversioned mirror; discovery only
HammerEditorSession,Undo,Ctrl+Z,unversioned mirror; discovery only
HammerEditorSession,Undo,Alt+Backspace,unversioned mirror; discovery only
HammerEditorSession,Redo,Ctrl+Y,unversioned mirror; discovery only
HammerEditorSession,Redo,Ctrl+Shift+Z,unversioned mirror; discovery only
HammerEditorSession,Redo,Shift+Alt+Backspace,unversioned mirror; discovery only
HammerEditorSession,FindEntities,Ctrl+Shift+F,unversioned mirror; discovery only
HammerEditorSession,TieToEntity,Ctrl+T,unversioned mirror; discovery only
HammerEditorSession,MoveToWorld,Ctrl+Shift+W,unversioned mirror; discovery only
HammerEditorSession,SnapToGrid,Ctrl+B,unversioned mirror; discovery only
HammerEditorSession,SnapToGridIndividually,Ctrl+Shift+B,unversioned mirror; discovery only
HammerEditorSession,QuickHideSelection,H,unversioned mirror; discovery only
HammerEditorSession,QuickHideUnselected,Ctrl+H,unversioned mirror; discovery only
HammerEditorSession,ShowQuickHide,U,unversioned mirror; discovery only
HammerEditorSession,SelectionSetFromQuickHide,Shift+R,unversioned mirror; discovery only
HammerEditorSession,ToggleSnapping,Shift+W,unversioned mirror; discovery only
HammerEditorSession,ToggleSnapToVertices,Ctrl+Shift+X,unversioned mirror; discovery only
HammerEditorSession,ToggleSnapToGrid,Ctrl+Shift+Q,unversioned mirror; discovery only
HammerEditorSession,MapGridLower,[,unversioned mirror; discovery only
HammerEditorSession,MapGridHigher,],unversioned mirror; discovery only
HammerEditorSession,DecreaseRotationSnapping,Ctrl+[,unversioned mirror; discovery only
HammerEditorSession,IncreaseRotationSnapping,Ctrl+],unversioned mirror; discovery only
HammerEditorSession,CenterViews,Ctrl+Shift+E,unversioned mirror; discovery only
HammerEditorSession,Center2DViews,Ctrl+E,unversioned mirror; discovery only
HammerEditorSession,FrameAllViews,Ctrl+Shift+A,unversioned mirror; discovery only
HammerEditorSession,ToggleSingleView,Shift+Z,unversioned mirror; discovery only
HammerEditorSession,CycleViews,Ctrl+Space,unversioned mirror; discovery only
HammerEditorSession,CycleAndFrameViews,Ctrl+Shift+Space,unversioned mirror; discovery only
HammerEditorSession,ActivateViewUnderCursor,Alt+LMouse,unversioned mirror; discovery only
HammerEditorSession,ToggleNavMarkupVisibility,Ctrl+Shift+D,unversioned mirror; discovery only
HammerEditorSession,ToggleOverlayShapes,Shift+N,unversioned mirror; discovery only
HammerEditorSession,SetManipulationModeSelection,Shift+S,unversioned mirror; discovery only
HammerEditorSession,ManipulationModeSelection,Q,unversioned mirror; discovery only
HammerEditorSession,ManipulationModeTranslate,T,unversioned mirror; discovery only
HammerEditorSession,ManipulationModeRotate,R,unversioned mirror; discovery only
HammerEditorSession,ManipulationModeScale,E,unversioned mirror; discovery only
HammerEditorSession,ManipulationModePivot,Ins,unversioned mirror; discovery only
HammerEditorSession,ToolPivotPicker,TAB,unversioned mirror; discovery only
HammerEditorSession,ToolBlock,Shift+B,unversioned mirror; discovery only
HammerEditorSession,ToolPhysics,Shift+C,unversioned mirror; discovery only
HammerEditorSession,ToolEntity,Shift+E,unversioned mirror; discovery only
HammerEditorSession,ToolDisplacement,Shift+D,unversioned mirror; discovery only
HammerEditorSession,ToolClipper,Shift+X,unversioned mirror; discovery only
HammerEditorSession,ToolPath,Shift+P,unversioned mirror; discovery only
HammerEditorSession,ToolPaint,Shift+V,unversioned mirror; discovery only
HammerEditorSession,ToolMirror,Shift+F,unversioned mirror; discovery only
HammerEditorSession,ToolMeshProjection,Shift+Y,unversioned mirror; discovery only
HammerEditorSession,ToolWorkPlane,Shift+Q,unversioned mirror; discovery only
HammerEditorSession,ResetWorkPlane,Shift+Alt+Q,unversioned mirror; discovery only
HammerEditorSession,CreateSelectionSet,Ctrl+R,unversioned mirror; discovery only
HammerEditorSession,SelectionConvert,Alt,unversioned mirror; discovery only
HammerEditorSession,SelectionConnected,Shift,unversioned mirror; discovery only
HammerEditorSession,SelectionBoundry,Ctrl,unversioned mirror; discovery only
HammerEditorSession,ToggleCordoning,Ctrl+Shift+C,unversioned mirror; discovery only
HammerEditorSession,NewCordon,Ctrl+Shift+N,unversioned mirror; discovery only
HammerEditorSession,RepeatCommand,Shift+G,unversioned mirror; discovery only
HammerEditorSession,ExitActiveEditScope,Ctrl+Backspace,unversioned mirror; discovery only
HammerEditorSession,ToggleCollisionModels,Ctrl+Shift+F3,unversioned mirror; discovery only
HammerEditorSession,RestartParticleEffects,Ctrl+Shift+F11,unversioned mirror; discovery only
HammerEditorSession,UpdateAllIsoSurfaces,Ctrl+Alt+I,unversioned mirror; discovery only
HammerEditorSession,AttachViewToObject,Ctrl+Shift+Ins,unversioned mirror; discovery only
HammerEditorSession,RandomizeChoices,Alt+G,unversioned mirror; discovery only
HammerEditorSession,BakeLightingOnSelection,Ctrl+Shift+Alt+F12,unversioned mirror; discovery only
HammerEditorSession,ConvertObjectsToModel,Ctrl+Shift+Alt+F5,unversioned mirror; discovery only
SessionCycleWidget,KeepActive,Ctrl,unversioned mirror; discovery only
SessionCycleWidget,NextSession,Ctrl+Tab,unversioned mirror; discovery only
SessionCycleWidget,PreviousSession,Ctrl+Shift+Tab,unversioned mirror; discovery only
MapManifestWidget,RefreshView,F5,unversioned mirror; discovery only
HammerObjectPropertyPopup,HidePropertyWindow,Alt+Enter,unversioned mirror; discovery only
HammerObjectPropertyPopup,HidePropertyWindow,Alt+NumEnter,unversioned mirror; discovery only
HammerObjectPropertyPopup,HidePropertyWindow,Esc,unversioned mirror; discovery only
MapView,ShowContextMenu,RMouse,unversioned mirror; discovery only
MapView,MaterialTraceLift,Shift+RMouse,unversioned mirror; discovery only
MapView,MaterialTraceLift,Ctrl+M,unversioned mirror; discovery only
MapView,SnapCameraToTargetUnderMouse,Shift+Alt+A,unversioned mirror; discovery only
MapView,DetachViewFromObject,Ctrl+Backspace,unversioned mirror; discovery only
PaneContainer,2D_Top,F2,unversioned mirror; discovery only
PaneContainer,2D_Front,F3,unversioned mirror; discovery only
PaneContainer,2D_Side,F4,unversioned mirror; discovery only
PaneContainer,3D_FullBrightNoLighting,F5,unversioned mirror; discovery only
PaneContainer,3D_AllLighting,F6,unversioned mirror; discovery only
PaneContainer,Rtx_Path_Tracing,Ctrl+Shift+Alt+F11,unversioned mirror; discovery only
PaneContainer,3D_ToolsVis,F7,unversioned mirror; discovery only
PaneContainer,ToggleWireframeOverlay,F8,unversioned mirror; discovery only
PaneContainer,ToggleShadows,F10,unversioned mirror; discovery only
PaneContainer,ToggleMeshEdges,F11,unversioned mirror; discovery only
PaneContainer,RTX_Visualization,Ctrl+Shift+Alt+F10,unversioned mirror; discovery only
ToolPivotPicker,PlacePivot,LMouse,unversioned mirror; discovery only
ToolPivotPicker,ToggleSnapping,TOGGLE_SNAPPING_KEY,unversioned mirror; discovery only
SelectionSetEditor,DeleteSelectionSet,Del,unversioned mirror; discovery only
SelectionSetEditor,SelectionAddModifier,SELECTION_ADD_KEY,unversioned mirror; discovery only
SelectionSetEditor,SelectionRemoveModifier,SELECTION_REMOVE_KEY,unversioned mirror; discovery only
SelectionSetEditor,RenameSelectionSet,F2,unversioned mirror; discovery only
MapVariablesEditor,DeleteSelected,Del,unversioned mirror; discovery only
ToolBlock,DragBlock,LMouse,unversioned mirror; discovery only
ToolBlock,Finish,Enter,unversioned mirror; discovery only
ToolBlock,Finish,NumEnter,unversioned mirror; discovery only
ToolBlock,Apply,Space,unversioned mirror; discovery only
ToolBlock,CancelCreate,Esc,unversioned mirror; discovery only
ToolBlock,ToggleSnapping,TOGGLE_SNAPPING_KEY,unversioned mirror; discovery only
ToolBlock,AlignToSurface,Shift,unversioned mirror; discovery only
ToolPolygon,AddPoint,LMouse,unversioned mirror; discovery only
ToolPolygon,Finish,Enter,unversioned mirror; discovery only
ToolPolygon,Finish,NumEnter,unversioned mirror; discovery only
ToolPolygon,Apply,LMouseDoubleClick,unversioned mirror; discovery only
ToolPolygon,Apply,Space,unversioned mirror; discovery only
ToolPolygon,Cancel,Esc,unversioned mirror; discovery only
ToolClipper,DragClip,LMouse,unversioned mirror; discovery only
ToolClipper,FinishClip,Enter,unversioned mirror; discovery only
ToolClipper,FinishClip,NumEnter,unversioned mirror; discovery only
ToolClipper,DoClip,Space,unversioned mirror; discovery only
ToolClipper,CancelClip,Esc,unversioned mirror; discovery only
ToolClipper,ToggleCreateCaps,Ctrl+Shift+X,unversioned mirror; discovery only
ToolClipper,ToggleSnapping,TOGGLE_SNAPPING_KEY,unversioned mirror; discovery only
ToolTextureProjection,Finish,Enter,unversioned mirror; discovery only
ToolTextureProjection,Finish,NumEnter,unversioned mirror; discovery only
ToolTextureProjection,Finish,Space,unversioned mirror; discovery only
ToolTextureProjection,Cancel,Esc,unversioned mirror; discovery only
ToolTextureProjection,ToggleSnapping,TOGGLE_SNAPPING_KEY,unversioned mirror; discovery only
ToolTextureProjection,Translate,Shift+T,unversioned mirror; discovery only
ToolTextureProjection,Rotate,Shift+R,unversioned mirror; discovery only
ToolMirror,DragPlane,LMouse,unversioned mirror; discovery only
ToolMirror,Finish,Enter,unversioned mirror; discovery only
ToolMirror,Finish,NumEnter,unversioned mirror; discovery only
ToolMirror,Apply,Space,unversioned mirror; discovery only
ToolMirror,Cancel,Esc,unversioned mirror; discovery only
ToolMirror,ToggleSnapping,TOGGLE_SNAPPING_KEY,unversioned mirror; discovery only
ToolEntity,DragCreatePoint,LMouse,unversioned mirror; discovery only
ToolEntity,TraceAndCreate,LMouse,unversioned mirror; discovery only
ToolEntity,Create,Enter,unversioned mirror; discovery only
ToolEntity,Create,NumEnter,unversioned mirror; discovery only
ToolEntity,CancelCreate,Esc,unversioned mirror; discovery only
ToolEntity,ToggleSnapping,TOGGLE_SNAPPING_KEY,unversioned mirror; discovery only
GizmoManipulator,Drag,LMouse,unversioned mirror; discovery only
GizmoManipulator,StampClone,Shift,unversioned mirror; discovery only
GizmoManipulator,SetBoxManipulateAboutCenter,K,unversioned mirror; discovery only
GizmoManipulator,SetBoxManipulateApplyUniformScaling,J,unversioned mirror; discovery only
GizmoManipulator,LockedManipulation,Shift,unversioned mirror; discovery only
GizmoManipulator,ToggleSnapping,TOGGLE_SNAPPING_KEY,unversioned mirror; discovery only
GizmoManipulator,GizmoApplyValue,NumEnter,unversioned mirror; discovery only
SphereManipulator,Drag,LMouse,unversioned mirror; discovery only
AxisRotatorManipulator,Drag,LMouse,unversioned mirror; discovery only
AxisRotatorManipulator,ToggleSnapping,TOGGLE_SNAPPING_KEY,unversioned mirror; discovery only
BoxManipulator,Drag,LMouse,unversioned mirror; discovery only
BoxManipulator,ToggleSnapping,TOGGLE_SNAPPING_KEY,unversioned mirror; discovery only
BoxManipulator,ToggleEditEdgeFades,Shift,unversioned mirror; discovery only
RectangleManipulator,Drag,LMouse,unversioned mirror; discovery only
RectangleManipulator,ToggleSnapping,TOGGLE_SNAPPING_KEY,unversioned mirror; discovery only
PointManipulator,SelectPoint,LMouse,unversioned mirror; discovery only
PointOnLineManipulator,Drag,LMouse,unversioned mirror; discovery only
StaticPointManipulator,Click,LMouse,unversioned mirror; discovery only
StaticPointManipulator,MouseWheelUp,MWheelUp,unversioned mirror; discovery only
StaticPointManipulator,MouseWheelDown,MWheelDn,unversioned mirror; discovery only
BarnLightManipulator,Drag,LMouse,unversioned mirror; discovery only
BarnLightManipulator,ToggleSnapping,TOGGLE_SNAPPING_KEY,unversioned mirror; discovery only
BarnLightManipulator,ResizeNear,Shift,unversioned mirror; discovery only
BarnLightManipulator,ConstrainProportions,Alt,unversioned mirror; discovery only
ToolFaceSelection,ShrinkSelection,NumSub,unversioned mirror; discovery only
ToolFaceSelection,ShrinkSelection,-,unversioned mirror; discovery only
ToolFaceSelection,GrowSelection,NumAdd,unversioned mirror; discovery only
ToolFaceSelection,GrowSelection,=,unversioned mirror; discovery only
ToolFaceSelection,AddToSelection,Ctrl+Up,unversioned mirror; discovery only
ToolFaceSelection,RemoveFromSelection,Ctrl+Down,unversioned mirror; discovery only
ToolFaceSelection,RemoveFromSelectionOldest,Ctrl+Alt+Down,unversioned mirror; discovery only
ToolFaceSelection,FlipNormals,F,unversioned mirror; discovery only
ToolFaceSelection,SelectLoop,L,unversioned mirror; discovery only
ToolFaceSelection,CutTool,C,unversioned mirror; discovery only
ToolFaceSelection,QuadSlice,Ctrl+D,unversioned mirror; discovery only
ToolFaceSelection,JustifyCenter,Ctrl+Shift+Ins,unversioned mirror; discovery only
ToolFaceSelection,JustifyLeft,Ctrl+Shift+Home,unversioned mirror; discovery only
ToolFaceSelection,JustifyRight,Ctrl+Shift+End,unversioned mirror; discovery only
ToolFaceSelection,JustifyTop,Ctrl+Shift+PgUp,unversioned mirror; discovery only
ToolFaceSelection,JustifyBottom,Ctrl+Shift+PgDn,unversioned mirror; discovery only
ToolFaceSelection,JustifyFit,Ctrl+Shift+Del,unversioned mirror; discovery only
ToolFaceSelection,AlignWorld,Ctrl+Shift+T,unversioned mirror; discovery only
ToolFaceSelection,AlignFace,Ctrl+Shift+F,unversioned mirror; discovery only
ToolFaceSelection,AlignView,V,unversioned mirror; discovery only
ToolFaceSelection,Select,LMouse,unversioned mirror; discovery only
ToolFaceSelection,LassoSelect,MMouse,unversioned mirror; discovery only
ToolFaceSelection,TranslateLasso,Space,unversioned mirror; discovery only
ToolFaceSelection,SelectionAddModifier,SELECTION_ADD_KEY,unversioned mirror; discovery only
ToolFaceSelection,SelectionRemoveModifier,SELECTION_REMOVE_KEY,unversioned mirror; discovery only
ToolFaceSelection,Extrude,Shift,unversioned mirror; discovery only
ToolFaceSelection,Constrain,Alt,unversioned mirror; discovery only
ToolFaceSelection,SelectContiguous,LMouseDoubleClick,unversioned mirror; discovery only
ToolFaceSelection,SelectContiguousFiltered,Alt+LMouseDoubleClick,unversioned mirror; discovery only
ToolFaceSelection,WrapTexture,Alt+RMouse,unversioned mirror; discovery only
ToolFaceSelection,WrapTextureToSelection,Shift+Alt+RMouse,unversioned mirror; discovery only
ToolFaceSelection,TraceAndLiftMaterial,Shift+RMouse,unversioned mirror; discovery only
ToolFaceSelection,PaintMaterial,Ctrl+RMouse,unversioned mirror; discovery only
ToolFaceSelection,NudgeUp,Up,unversioned mirror; discovery only
ToolFaceSelection,NudgeRotateUp,Alt+Up,unversioned mirror; discovery only
ToolFaceSelection,NudgeDown,Down,unversioned mirror; discovery only
ToolFaceSelection,NudgeRotateDown,Alt+Down,unversioned mirror; discovery only
ToolFaceSelection,NudgeLeft,Left,unversioned mirror; discovery only
ToolFaceSelection,NudgeRotateLeft,Alt+Left,unversioned mirror; discovery only
ToolFaceSelection,NudgeRight,Right,unversioned mirror; discovery only
ToolFaceSelection,NudgeRotateRight,Alt+Right,unversioned mirror; discovery only
ToolFaceSelection,ApplyMaterialToSelection,Shift+T,unversioned mirror; discovery only
ToolFaceSelection,ToggleSnapping,TOGGLE_SNAPPING_KEY,unversioned mirror; discovery only
ToolFaceSelection,Bridge,B,unversioned mirror; discovery only
ToolFaceSelection,BridgeTool,Alt+B,unversioned mirror; discovery only
ToolFaceSelection,ThickenTool,G,unversioned mirror; discovery only
ToolFaceSelection,FaceBevelTool,Ctrl+F,unversioned mirror; discovery only
ToolFaceSelection,MoveToFurthestFace,Alt+W,unversioned mirror; discovery only
ToolFaceSelection,Mirror,M,unversioned mirror; discovery only
ToolFaceSelection,NudgeTextureRight,Mouse5,unversioned mirror; discovery only
ToolFaceSelection,NudgeTextureLeft,Mouse4,unversioned mirror; discovery only
ToolFaceSelection,NudgeTextureUp,Shift+Mouse5,unversioned mirror; discovery only
ToolFaceSelection,NudgeTextureDown,Shift+Mouse4,unversioned mirror; discovery only
ToolFaceSelection,JustifyRight,Ctrl+Mouse5,unversioned mirror; discovery only
ToolFaceSelection,JustifyLeft,Ctrl+Mouse4,unversioned mirror; discovery only
ToolFaceSelection,JustifyTop,Ctrl+Shift+Mouse5,unversioned mirror; discovery only
ToolFaceSelection,JustifyBottom,Ctrl+Shift+Mouse4,unversioned mirror; discovery only
ToolFaceSelection,Combine,Backspace,unversioned mirror; discovery only
ToolFaceSelection,Collapse,O,unversioned mirror; discovery only
ToolFaceSelection,Detach,N,unversioned mirror; discovery only
ToolFaceSelection,Extract,Alt+N,unversioned mirror; discovery only
ToolFaceSelection,ClearPivot,Home,unversioned mirror; discovery only
ToolFaceSelection,CenterPivotInView,Ctrl+Home,unversioned mirror; discovery only
ToolFaceSelection,SetPivotToWorldOrigin,Ctrl+End,unversioned mirror; discovery only
ToolFaceSelection,EndPivotManipulation,Ins,unversioned mirror; discovery only
ToolFaceSelection,IncreaseSubdivisionLevel,",",unversioned mirror; discovery only
ToolFaceSelection,DecreaseSubdivisionLevel,.,unversioned mirror; discovery only
ToolFaceSelection,MoveObjectDownByTraceLocal,Ctrl+Num1,unversioned mirror; discovery only
ToolFaceSelection,MoveObjectDownByTrace,Ctrl+Num2,unversioned mirror; discovery only
ToolFaceSelection,NextTile,Alt+F,unversioned mirror; discovery only
ToolFaceSelection,PreviousTile,Alt+V,unversioned mirror; discovery only
ToolFaceSelection,RandomTile,Alt+G,unversioned mirror; discovery only
ToolFaceSelection,RotateTexture90CCW,Alt+Q,unversioned mirror; discovery only
ToolFaceSelection,RotateTexture90CW,Alt+A,unversioned mirror; discovery only
ToolFaceSelection,FlipTextureHorizontal,Alt+D,unversioned mirror; discovery only
ToolFaceSelection,FlipTextureVertical,Alt+E,unversioned mirror; discovery only
ToolFaceSelection,ApplyMaterialByHotspot,Alt+H,unversioned mirror; discovery only
ToolFaceSelection,FastTextureTool,Ctrl+G,unversioned mirror; discovery only
ToolFaceSelection,ToggleHotspotApplyMaterial,Shift+Alt+G,unversioned mirror; discovery only
ToolFaceSelection,ToggleHotspotTilingMode,Shift+Alt+T,unversioned mirror; discovery only
ToolFaceSelection,ToggleHotspotAllowRandom,Shift+Alt+R,unversioned mirror; discovery only
ToolFaceSelection,ToggleHotspotPerFace,Shift+Alt+F,unversioned mirror; discovery only
ToolFaceSelection,ToggleHotspotMappingMode,Shift+Alt+D,unversioned mirror; discovery only
ToolFaceSelection,RadialAlign,Alt+S,unversioned mirror; discovery only
ToolFaceSelection,ReflectPie,Ctrl+Alt+W,unversioned mirror; discovery only
ToolFaceSelection,GizmoNumKey0,Num0,unversioned mirror; discovery only
ToolFaceSelection,GizmoNumKey1,Num1,unversioned mirror; discovery only
ToolFaceSelection,GizmoNumKey2,Num2,unversioned mirror; discovery only
ToolFaceSelection,GizmoNumKey3,Num3,unversioned mirror; discovery only
ToolFaceSelection,GizmoNumKey4,Num4,unversioned mirror; discovery only
ToolFaceSelection,GizmoNumKey5,Num5,unversioned mirror; discovery only
ToolFaceSelection,GizmoNumKey6,Num6,unversioned mirror; discovery only
ToolFaceSelection,GizmoNumKey7,Num7,unversioned mirror; discovery only
ToolFaceSelection,GizmoNumKey8,Num8,unversioned mirror; discovery only
ToolFaceSelection,GizmoNumKey9,Num9,unversioned mirror; discovery only
ToolFaceSelection,GizmoNumKeyDecimal,NumDec,unversioned mirror; discovery only
ToolFaceSelection,GizmoComma,",",unversioned mirror; discovery only
ToolFaceSelection,GizmoNumKeyMinus,NumSub,unversioned mirror; discovery only
ToolFaceSelection,GizmoClearValue,Backspace,unversioned mirror; discovery only
ToolFaceSelection,GizmoApplyValue,NumEnter,unversioned mirror; discovery only
ToolVertexSelection,Select,LMouse,unversioned mirror; discovery only
ToolVertexSelection,LassoSelect,MMouse,unversioned mirror; discovery only
ToolVertexSelection,TranslateLasso,Space,unversioned mirror; discovery only
ToolVertexSelection,SelectionAddModifier,SELECTION_ADD_KEY,unversioned mirror; discovery only
ToolVertexSelection,SelectionRemoveModifier,SELECTION_REMOVE_KEY,unversioned mirror; discovery only
ToolVertexSelection,GrowSelection,NumAdd,unversioned mirror; discovery only
ToolVertexSelection,GrowSelection,=,unversioned mirror; discovery only
ToolVertexSelection,ShrinkSelection,NumSub,unversioned mirror; discovery only
ToolVertexSelection,ShrinkSelection,-,unversioned mirror; discovery only
ToolVertexSelection,AddToSelection,Ctrl+Up,unversioned mirror; discovery only
ToolVertexSelection,RemoveFromSelection,Ctrl+Down,unversioned mirror; discovery only
ToolVertexSelection,RemoveFromSelectionOldest,Ctrl+Alt+Down,unversioned mirror; discovery only
ToolVertexSelection,SelectLoop,L,unversioned mirror; discovery only
ToolVertexSelection,SelectContiguous,LMouseDoubleClick,unversioned mirror; discovery only
ToolVertexSelection,CutTool,C,unversioned mirror; discovery only
ToolVertexSelection,CreateNewEdge,V,unversioned mirror; discovery only
ToolVertexSelection,Merge,M,unversioned mirror; discovery only
ToolVertexSelection,MergeTarget,Ctrl+M,unversioned mirror; discovery only
ToolVertexSelection,MergeFixed,Shift+M,unversioned mirror; discovery only
ToolVertexSelection,MoveToFurthestVertex,Alt+W,unversioned mirror; discovery only
ToolVertexSelection,SnapToVertex,B,unversioned mirror; discovery only
ToolVertexSelection,NudgeUp,Up,unversioned mirror; discovery only
ToolVertexSelection,NudgeRotateUp,Alt+Up,unversioned mirror; discovery only
ToolVertexSelection,NudgeDown,Down,unversioned mirror; discovery only
ToolVertexSelection,NudgeRotateDown,Alt+Down,unversioned mirror; discovery only
ToolVertexSelection,NudgeLeft,Left,unversioned mirror; discovery only
ToolVertexSelection,NudgeRotateLeft,Alt+Left,unversioned mirror; discovery only
ToolVertexSelection,NudgeRight,Right,unversioned mirror; discovery only
ToolVertexSelection,NudgeRotateRight,Alt+Right,unversioned mirror; discovery only
ToolVertexSelection,ToggleSnapping,TOGGLE_SNAPPING_KEY,unversioned mirror; discovery only
ToolVertexSelection,ClearPivot,Home,unversioned mirror; discovery only
ToolVertexSelection,CenterPivotInView,Ctrl+Home,unversioned mirror; discovery only
ToolVertexSelection,SetPivotToWorldOrigin,Ctrl+End,unversioned mirror; discovery only
ToolVertexSelection,EndPivotManipulation,Ins,unversioned mirror; discovery only
ToolVertexSelection,Bevel,F,unversioned mirror; discovery only
ToolVertexSelection,Extrude,Shift,unversioned mirror; discovery only
ToolVertexSelection,Constrain,Alt,unversioned mirror; discovery only
ToolVertexSelection,MoveObjectDownByTraceLocal,Ctrl+Num1,unversioned mirror; discovery only
ToolVertexSelection,MoveObjectDownByTrace,Ctrl+Num2,unversioned mirror; discovery only
ToolVertexSelection,WeldUVs,Ctrl+F,unversioned mirror; discovery only
ToolVertexSelection,GizmoNumKey0,Num0,unversioned mirror; discovery only
ToolVertexSelection,GizmoNumKey1,Num1,unversioned mirror; discovery only
ToolVertexSelection,GizmoNumKey2,Num2,unversioned mirror; discovery only
ToolVertexSelection,GizmoNumKey3,Num3,unversioned mirror; discovery only
ToolVertexSelection,GizmoNumKey4,Num4,unversioned mirror; discovery only
ToolVertexSelection,GizmoNumKey5,Num5,unversioned mirror; discovery only
ToolVertexSelection,GizmoNumKey6,Num6,unversioned mirror; discovery only
ToolVertexSelection,GizmoNumKey7,Num7,unversioned mirror; discovery only
ToolVertexSelection,GizmoNumKey8,Num8,unversioned mirror; discovery only
ToolVertexSelection,GizmoNumKey9,Num9,unversioned mirror; discovery only
ToolVertexSelection,GizmoNumKeyDecimal,NumDec,unversioned mirror; discovery only
ToolVertexSelection,GizmoComma,",",unversioned mirror; discovery only
ToolVertexSelection,GizmoNumKeyMinus,NumSub,unversioned mirror; discovery only
ToolVertexSelection,GizmoClearValue,Backspace,unversioned mirror; discovery only
ToolVertexSelection,GizmoApplyValue,NumEnter,unversioned mirror; discovery only
ToolEdgeSelection,Select,LMouse,unversioned mirror; discovery only
ToolEdgeSelection,LassoSelect,MMouse,unversioned mirror; discovery only
ToolEdgeSelection,TranslateLasso,Space,unversioned mirror; discovery only
ToolEdgeSelection,SelectionAddModifier,SELECTION_ADD_KEY,unversioned mirror; discovery only
ToolEdgeSelection,SelectionRemoveModifier,SELECTION_REMOVE_KEY,unversioned mirror; discovery only
ToolEdgeSelection,ShrinkSelection,NumSub,unversioned mirror; discovery only
ToolEdgeSelection,ShrinkSelection,-,unversioned mirror; discovery only
ToolEdgeSelection,GrowSelection,NumAdd,unversioned mirror; discovery only
ToolEdgeSelection,GrowSelection,=,unversioned mirror; discovery only
ToolEdgeSelection,AddToSelection,Ctrl+Up,unversioned mirror; discovery only
ToolEdgeSelection,RemoveFromSelection,Ctrl+Down,unversioned mirror; discovery only
ToolEdgeSelection,RemoveFromSelectionOldest,Ctrl+Alt+Down,unversioned mirror; discovery only
ToolEdgeSelection,CutTool,C,unversioned mirror; discovery only
ToolEdgeSelection,ArcTool,Y,unversioned mirror; discovery only
ToolEdgeSelection,SelectSingleLoop,LMouseDoubleClick,unversioned mirror; discovery only
ToolEdgeSelection,SelectLoop,L,unversioned mirror; discovery only
ToolEdgeSelection,SelectRing,G,unversioned mirror; discovery only
ToolEdgeSelection,SelectRibs,Ctrl+G,unversioned mirror; discovery only
ToolEdgeSelection,CreatePolygonFromEdges,P,unversioned mirror; discovery only
ToolEdgeSelection,Dissolve,Backspace,unversioned mirror; discovery only
ToolEdgeSelection,DissolveAgressive,Shift+Backspace,unversioned mirror; discovery only
ToolEdgeSelection,Bridge,B,unversioned mirror; discovery only
ToolEdgeSelection,BridgeTool,Alt+B,unversioned mirror; discovery only
ToolEdgeSelection,Merge,M,unversioned mirror; discovery only
ToolEdgeSelection,Split,Alt+N,unversioned mirror; discovery only
ToolEdgeSelection,SnapEdgeToEdge,I,unversioned mirror; discovery only
ToolEdgeSelection,MoveToFurthestEdge,Alt+W,unversioned mirror; discovery only
ToolEdgeSelection,Extrude,X,unversioned mirror; discovery only
ToolEdgeSelection,Extend,N,unversioned mirror; discovery only
ToolEdgeSelection,Connect,V,unversioned mirror; discovery only
ToolEdgeSelection,Bevel,Alt+F,unversioned mirror; discovery only
ToolEdgeSelection,BevelTool,F,unversioned mirror; discovery only
ToolEdgeSelection,Collapse,O,unversioned mirror; discovery only
ToolEdgeSelection,SetNormalsHard,H,unversioned mirror; discovery only
ToolEdgeSelection,SetNormalsSoft,J,unversioned mirror; discovery only
ToolEdgeSelection,SetNormalsDefault,K,unversioned mirror; discovery only
ToolEdgeSelection,ToggleSnapping,TOGGLE_SNAPPING_KEY,unversioned mirror; discovery only
ToolEdgeSelection,TransformExtrude,Shift,unversioned mirror; discovery only
ToolEdgeSelection,Constrain,Alt,unversioned mirror; discovery only
ToolEdgeSelection,ClearPivot,Home,unversioned mirror; discovery only
ToolEdgeSelection,CenterPivotInView,Ctrl+Home,unversioned mirror; discovery only
ToolEdgeSelection,SetPivotToWorldOrigin,Ctrl+End,unversioned mirror; discovery only
ToolEdgeSelection,EndPivotManipulation,Ins,unversioned mirror; discovery only
ToolEdgeSelection,MoveObjectDownByTraceLocal,Ctrl+Num1,unversioned mirror; discovery only
ToolEdgeSelection,MoveObjectDownByTrace,Ctrl+Num2,unversioned mirror; discovery only
ToolEdgeSelection,WeldUVs,Ctrl+F,unversioned mirror; discovery only
ToolEdgeSelection,RadialAlign,Alt+S,unversioned mirror; discovery only
ToolEdgeSelection,NudgeUp,Up,unversioned mirror; discovery only
ToolEdgeSelection,NudgeRotateUp,Alt+Up,unversioned mirror; discovery only
ToolEdgeSelection,NudgeDown,Down,unversioned mirror; discovery only
ToolEdgeSelection,NudgeRotateDown,Alt+Down,unversioned mirror; discovery only
ToolEdgeSelection,NudgeLeft,Left,unversioned mirror; discovery only
ToolEdgeSelection,NudgeRotateLeft,Alt+Left,unversioned mirror; discovery only
ToolEdgeSelection,NudgeRight,Right,unversioned mirror; discovery only
ToolEdgeSelection,NudgeRotateRight,Alt+Right,unversioned mirror; discovery only
ToolEdgeSelection,GizmoNumKey0,Num0,unversioned mirror; discovery only
ToolEdgeSelection,GizmoNumKey1,Num1,unversioned mirror; discovery only
ToolEdgeSelection,GizmoNumKey2,Num2,unversioned mirror; discovery only
ToolEdgeSelection,GizmoNumKey3,Num3,unversioned mirror; discovery only
ToolEdgeSelection,GizmoNumKey4,Num4,unversioned mirror; discovery only
ToolEdgeSelection,GizmoNumKey5,Num5,unversioned mirror; discovery only
ToolEdgeSelection,GizmoNumKey6,Num6,unversioned mirror; discovery only
ToolEdgeSelection,GizmoNumKey7,Num7,unversioned mirror; discovery only
ToolEdgeSelection,GizmoNumKey8,Num8,unversioned mirror; discovery only
ToolEdgeSelection,GizmoNumKey9,Num9,unversioned mirror; discovery only
ToolEdgeSelection,GizmoNumKeyDecimal,NumDec,unversioned mirror; discovery only
ToolEdgeSelection,GizmoComma,",",unversioned mirror; discovery only
ToolEdgeSelection,GizmoNumKeyMinus,NumSub,unversioned mirror; discovery only
ToolEdgeSelection,GizmoClearValue,Backspace,unversioned mirror; discovery only
ToolEdgeSelection,GizmoApplyValue,NumEnter,unversioned mirror; discovery only
ToolEdgeCut,CutEdge,LMouse,unversioned mirror; discovery only
ToolEdgeCut,Finish,Enter,unversioned mirror; discovery only
ToolEdgeCut,Finish,NumEnter,unversioned mirror; discovery only
ToolEdgeCut,Apply,Space,unversioned mirror; discovery only
ToolEdgeCut,Cancel,Esc,unversioned mirror; discovery only
ToolEdgeCut,ToggleSnapping,TOGGLE_SNAPPING_KEY,unversioned mirror; discovery only
ToolEdgeCut,AlignedSnap,Shift,unversioned mirror; discovery only
ToolEdgeCut,PlaceCut,B,unversioned mirror; discovery only
ToolEdgeCut,PlaceCut,Ctrl+B,unversioned mirror; discovery only
ToolEdgeCut,ToggleLoopCut,V,unversioned mirror; discovery only
ToolEdgeCut,ToggleLoopCutEven,E,unversioned mirror; discovery only
ToolEdgeCut,ToggleLoopCutFlip,F,unversioned mirror; discovery only
ToolVertexNormalPaint,Paint,LMouse,unversioned mirror; discovery only
ToolVertexNormalPaint,Erase,Ctrl,unversioned mirror; discovery only
ToolVertexNormalPaint,ScaleBrush,MMouse,unversioned mirror; discovery only
ToolVertexNormalPaint,FreezeNormal,Shift,unversioned mirror; discovery only
ToolEdgeArc,AdjustParameters,LMouse,unversioned mirror; discovery only
ToolEdgeArc,Finish,Enter,unversioned mirror; discovery only
ToolEdgeArc,Finish,NumEnter,unversioned mirror; discovery only
ToolEdgeArc,Apply,Space,unversioned mirror; discovery only
ToolEdgeArc,Cancel,Esc,unversioned mirror; discovery only
ToolEdgeArc,LockToAxis,Shift,unversioned mirror; discovery only
ToolEdgeArc,IncreaseNumSteps,F,unversioned mirror; discovery only
ToolEdgeArc,DecreaseNumSteps,V,unversioned mirror; discovery only
ToolEdgeArc,ToggleSnapping,TOGGLE_SNAPPING_KEY,unversioned mirror; discovery only
ToolFastTexture,Finish,Enter,unversioned mirror; discovery only
ToolFastTexture,Finish,NumEnter,unversioned mirror; discovery only
ToolFastTexture,Finish,Space,unversioned mirror; discovery only
ToolFastTexture,Finish,Ctrl+G,unversioned mirror; discovery only
ToolFastTexture,Cancel,Esc,unversioned mirror; discovery only
ToolFastTexture,ToggleFlipHorizontal,F,unversioned mirror; discovery only
ToolFastTexture,ToggleFlipVertical,V,unversioned mirror; discovery only
ToolFastTexture,TogglePrimaryAxis,X,unversioned mirror; discovery only
ToolFastTexture,MappingUnwrapSquare,1,unversioned mirror; discovery only
ToolFastTexture,MappingUnwrapConforming,2,unversioned mirror; discovery only
ToolFastTexture,MappingUnwrapQuads,3,unversioned mirror; discovery only
ToolFastTexture,MappingPlanar,4,unversioned mirror; discovery only
ToolFastTexture,MappingUseExisting,5,unversioned mirror; discovery only
ToolFastTexture,SmallerGrid,[,unversioned mirror; discovery only
ToolFastTexture,BiggerGrid,],unversioned mirror; discovery only
ToolFastTexture,DecreaseInset,NumSub,unversioned mirror; discovery only
ToolFastTexture,IncreaseInset,NumAdd,unversioned mirror; discovery only
ToolFastTexture,DecreaseInset,-,unversioned mirror; discovery only
ToolFastTexture,IncreaseInset,=,unversioned mirror; discovery only
ToolFastTexture,FitSelectionInView,Shift+A,unversioned mirror; discovery only
ToolFastTexture_UVWidget,ResetMappingBounds,Shift+LMouseDoubleClick,unversioned mirror; discovery only
ToolFastTexture_UVWidget,PickRectangle,LMouseDoubleClick,unversioned mirror; discovery only
ToolFastTexture_UVWidget,Drag,LMouse,unversioned mirror; discovery only
ToolFastTexture_UVWidget,Drag,Alt+LMouse,unversioned mirror; discovery only
ToolFastTexture_UVWidget,Noop,MMouse,unversioned mirror; discovery only
ToolFastTexture_UVWidget,NudgeUp,Up,unversioned mirror; discovery only
ToolFastTexture_UVWidget,NudgeDown,Down,unversioned mirror; discovery only
ToolFastTexture_UVWidget,NudgeLeft,Left,unversioned mirror; discovery only
ToolFastTexture_UVWidget,NudgeRight,Right,unversioned mirror; discovery only
ToolFastTexture_UVWidget,BeginPickEdge,E,unversioned mirror; discovery only
ToolFastTexture_UVWidget,CancelPickEdge,Esc,unversioned mirror; discovery only
ToolFastTexture_UVWidget,PickEdge,LMouse,unversioned mirror; discovery only
ToolFastTexture_UVWidget,DrawRectangle,Alt,unversioned mirror; discovery only
ToolFastTexture_UVWidget,DisableSnapping,TOGGLE_SNAPPING_KEY,unversioned mirror; discovery only
ToolFastTexture_UVWidget,ResetView,Home,unversioned mirror; discovery only
ToolBridge,AdjustParameters,LMouse,unversioned mirror; discovery only
ToolBridge,Finish,Enter,unversioned mirror; discovery only
ToolBridge,Finish,NumEnter,unversioned mirror; discovery only
ToolBridge,Apply,Space,unversioned mirror; discovery only
ToolBridge,Cancel,Esc,unversioned mirror; discovery only
ToolBridge,IncreaseNumSteps,F,unversioned mirror; discovery only
ToolBridge,DecreaseNumSteps,V,unversioned mirror; discovery only
ToolBridge,FreeDrag,Shift,unversioned mirror; discovery only
ToolBridge,LockPoints,Ctrl,unversioned mirror; discovery only
ToolBevel,Finish,Enter,unversioned mirror; discovery only
ToolBevel,Finish,NumEnter,unversioned mirror; discovery only
ToolBevel,Finish,LMouse,unversioned mirror; discovery only
ToolBevel,Apply,Space,unversioned mirror; discovery only
ToolBevel,Cancel,Esc,unversioned mirror; discovery only
ToolBevel,AdjustSteps,C,unversioned mirror; discovery only
ToolBevel,AdjustWidth,F,unversioned mirror; discovery only
ToolBevel,AdjustShape,V,unversioned mirror; discovery only
ToolBevel,ToggleSnapping,TOGGLE_SNAPPING_KEY,unversioned mirror; discovery only
ToolFaceBevel,Finish,Enter,unversioned mirror; discovery only
ToolFaceBevel,Finish,NumEnter,unversioned mirror; discovery only
ToolFaceBevel,Finish,LMouse,unversioned mirror; discovery only
ToolFaceBevel,Apply,Space,unversioned mirror; discovery only
ToolFaceBevel,Cancel,Esc,unversioned mirror; discovery only
ToolFaceBevel,AdjustExtrude,F,unversioned mirror; discovery only
ToolFaceBevel,AdjustInset,V,unversioned mirror; discovery only
ToolFaceBevel,ToggleSnapping,TOGGLE_SNAPPING_KEY,unversioned mirror; discovery only
ToolFaceBevel,ToggleEachFace,X,unversioned mirror; discovery only
ToolThicken,Finish,Enter,unversioned mirror; discovery only
ToolThicken,Finish,NumEnter,unversioned mirror; discovery only
ToolThicken,Finish,LMouse,unversioned mirror; discovery only
ToolThicken,Apply,Space,unversioned mirror; discovery only
ToolThicken,Cancel,Esc,unversioned mirror; discovery only
ToolThicken,AdjustThickness,F,unversioned mirror; discovery only
ToolThicken,ToggleFromCenter,X,unversioned mirror; discovery only
ToolThicken,ToggleSnapping,TOGGLE_SNAPPING_KEY,unversioned mirror; discovery only
ToolPainting,CycleChannelsForward,C,unversioned mirror; discovery only
ToolPainting,CycleChannelsBackward,Shift+C,unversioned mirror; discovery only
ToolPainting,CycleChannelsForward,Mouse5,unversioned mirror; discovery only
ToolPainting,CycleChannelsBackward,Mouse4,unversioned mirror; discovery only
ToolPainting,PaintSecondaryBlend,Shift,unversioned mirror; discovery only
ToolPainting,Erase,Ctrl,unversioned mirror; discovery only
ToolPainting,Paint,LMouse,unversioned mirror; discovery only
ToolPainting,ScaleBrush,MMouse,unversioned mirror; discovery only
ToolPainting,AdjustHardness,Shift,unversioned mirror; discovery only
ToolPainting,TraceAndLiftMaterial,Shift+RMouse,unversioned mirror; discovery only
ToolPainting,DropTool,Esc,unversioned mirror; discovery only
ToolPainting,NoOpDoubleClick,LMouseDoubleClick,unversioned mirror; discovery only
ToolPainting,FloodFill,Backspace,unversioned mirror; discovery only
ToolPainting,SampleVertexColor,V,unversioned mirror; discovery only
ToolStaticOverlay,BrushScaleUp,MWheelUp,unversioned mirror; discovery only
ToolStaticOverlay,BrushScaleDn,MWheelDn,unversioned mirror; discovery only
ToolStaticOverlay,BrushRotCW,Ctrl+MWheelUp,unversioned mirror; discovery only
ToolStaticOverlay,BrushRotCCW,Ctrl+MWheelDn,unversioned mirror; discovery only
ToolStaticOverlay,BrushDepthUp,Shift+MWheelUp,unversioned mirror; discovery only
ToolStaticOverlay,BrushDepthDn,Shift+MWheelDn,unversioned mirror; discovery only
ToolStaticOverlay,BrushAspectUp,Ctrl+Shift+MWheelUp,unversioned mirror; discovery only
ToolStaticOverlay,BrushAspectDn,Ctrl+Shift+MWheelDn,unversioned mirror; discovery only
ToolStaticOverlay,PosOffsetUp,Up,unversioned mirror; discovery only
ToolStaticOverlay,PosOffsetDn,Down,unversioned mirror; discovery only
ToolStaticOverlay,ResetTransforms,Ctrl+R,unversioned mirror; discovery only
ToolStaticOverlay,CreateMode,1,unversioned mirror; discovery only
ToolStaticOverlay,DeleteMode,2,unversioned mirror; discovery only
ToolStaticOverlay,LocalizeMode,3,unversioned mirror; discovery only
ToolStaticOverlay,CycleHotspotUp,Alt+MWheelLeft,unversioned mirror; discovery only
ToolStaticOverlay,CycleHotspotDn,Alt+MWheelRight,unversioned mirror; discovery only
ToolStaticOverlay,ApplyTool,Space,unversioned mirror; discovery only
ToolStaticOverlay,ApplyAndCloseTool,Enter,unversioned mirror; discovery only
ToolStaticOverlay,DropTool,Esc,unversioned mirror; discovery only
ToolStaticOverlay,LMouse,LMouse,unversioned mirror; discovery only
ToolStaticOverlay,LMouseAdd,Shift+LMouse,unversioned mirror; discovery only
ToolStaticOverlay,LMouseRemove,Ctrl+LMouse,unversioned mirror; discovery only
ToolStaticOverlay,IncrementRenderOrder,Ctrl+Up,unversioned mirror; discovery only
ToolStaticOverlay,DecrementRenderOrder,Ctrl+Down,unversioned mirror; discovery only
ToolStaticOverlay,ToggleAspect,X,unversioned mirror; discovery only
ToolAssetSpray,Spray,LMouse,unversioned mirror; discovery only
ToolAssetSpray,Erase,Alt+LMouse,unversioned mirror; discovery only
ToolAssetSpray,ScaleBrush,MMouse,unversioned mirror; discovery only
ToolPhysics,Select,LMouse,unversioned mirror; discovery only
ToolPhysics,Select,LMouseDoubleClick,unversioned mirror; discovery only
ToolPhysics,Grab,LMouse,unversioned mirror; discovery only
ToolPhysics,BoxSelect,LMouse,unversioned mirror; discovery only
ToolPhysics,LassoSelect,MMouse,unversioned mirror; discovery only
ToolPhysics,TranslateLasso,Space,unversioned mirror; discovery only
ToolPhysics,AddObjectToSelection,SELECTION_ADD_KEY,unversioned mirror; discovery only
ToolPhysics,RemoveObjectFromSelection,SELECTION_REMOVE_KEY,unversioned mirror; discovery only
ToolPhysics,ToggleSnapping,TOGGLE_SNAPPING_KEY,unversioned mirror; discovery only
ToolPhysics,ToggleSimulation,Space,unversioned mirror; discovery only
ToolPhysics,SnapshotSimulation,G,unversioned mirror; discovery only
ToolPhysics,ClearSelection,Esc,unversioned mirror; discovery only
ToolPhysics,BeginPinPlacement,F,unversioned mirror; discovery only
ToolPhysics,AbortPinPlacement,Esc,unversioned mirror; discovery only
ToolPhysics,PlacePin,LMouse,unversioned mirror; discovery only
ToolPhysics,TranslateMode,T,unversioned mirror; discovery only
ToolPhysics,RotateMode,R,unversioned mirror; discovery only
ToolPhysics,ScaleMode,E,unversioned mirror; discovery only
ToolPath,PlacePathNode,LMouse,unversioned mirror; discovery only
ToolPath,Finish,Enter,unversioned mirror; discovery only
ToolPath,Finish,NumEnter,unversioned mirror; discovery only
ToolPath,Apply,Space,unversioned mirror; discovery only
ToolPath,Cancel,Esc,unversioned mirror; discovery only
ToolPath,AdjustRadiusScale,MMouse,unversioned mirror; discovery only
ToolSelection,Select,LMouse,unversioned mirror; discovery only
ToolSelection,BoxSelect,LMouse,unversioned mirror; discovery only
ToolSelection,ActivateObject,LMouseDoubleClick,unversioned mirror; discovery only
ToolSelection,LassoSelect,MMouse,unversioned mirror; discovery only
ToolSelection,TranslateLasso,Space,unversioned mirror; discovery only
ToolSelection,MoveSelected,LMouse,unversioned mirror; discovery only
ToolSelection,SelectAndMove2D,Alt+LMouse,unversioned mirror; discovery only
ToolSelection,AddObjectToSelection,SELECTION_ADD_KEY,unversioned mirror; discovery only
ToolSelection,RemoveObjectFromSelection,SELECTION_REMOVE_KEY,unversioned mirror; discovery only
ToolSelection,ToggleSnapping,TOGGLE_SNAPPING_KEY,unversioned mirror; discovery only
ToolSelection,StampClone,Shift,unversioned mirror; discovery only
ToolSelection,CloneSelection,Shift,unversioned mirror; discovery only
ToolSelection,ToggleAlignToSurface,Alt,unversioned mirror; discovery only
ToolSelection,SelectNext,PgUp,unversioned mirror; discovery only
ToolSelection,SelectPrev,PgDn,unversioned mirror; discovery only
ToolSelection,CancelSelectOperation,Esc,unversioned mirror; discovery only
ToolSelection,ShrinkGizmo,Ctrl+NumSub,unversioned mirror; discovery only
ToolSelection,EnlargeGizmo,Ctrl+NumAdd,unversioned mirror; discovery only
ToolSelection,NextPivotTap,N,unversioned mirror; discovery only
ToolSelection,NextPivotCycle,N+MWheelUp,unversioned mirror; discovery only
ToolSelection,PrevPivotCycle,N+MWheelDn,unversioned mirror; discovery only
ToolSelection,ClearPivot,Home,unversioned mirror; discovery only
ToolSelection,CenterPivotInView,Ctrl+Home,unversioned mirror; discovery only
ToolSelection,SetPivotToWorldOrigin,Ctrl+End,unversioned mirror; discovery only
ToolSelection,SetPivotToSelectionCenter,Alt+Home,unversioned mirror; discovery only
ToolSelection,EndPivotManipulation,Ins,unversioned mirror; discovery only
ToolSelection,FlipNormals,F,unversioned mirror; discovery only
ToolSelection,MergeSelectedMeshes,M,unversioned mirror; discovery only
ToolSelection,SeparateMeshComponents,Alt+N,unversioned mirror; discovery only
ToolSelection,NudgeUp,Up,unversioned mirror; discovery only
ToolSelection,NudgeRotateUp,Alt+Up,unversioned mirror; discovery only
ToolSelection,NudgeDown,Down,unversioned mirror; discovery only
ToolSelection,NudgeRotateDown,Alt+Down,unversioned mirror; discovery only
ToolSelection,NudgeLeft,Left,unversioned mirror; discovery only
ToolSelection,NudgeRotateLeft,Alt+Left,unversioned mirror; discovery only
ToolSelection,NudgeRight,Right,unversioned mirror; discovery only
ToolSelection,NudgeRotateRight,Alt+Right,unversioned mirror; discovery only
ToolSelection,ApplyMaterial,Shift+T,unversioned mirror; discovery only
ToolSelection,SetOriginToCenter,End,unversioned mirror; discovery only
ToolSelection,ClearRotationAndScale,Ctrl+Num0,unversioned mirror; discovery only
ToolSelection,MoveObjectDownByTraceLocal,Ctrl+Num1,unversioned mirror; discovery only
ToolSelection,MoveObjectDownByTrace,Ctrl+Num2,unversioned mirror; discovery only
ToolSelection,ShowObjectProperties,Alt+Enter,unversioned mirror; discovery only
ToolSelection,GrowSelection,NumAdd,unversioned mirror; discovery only
ToolSelection,GrowSelection,=,unversioned mirror; discovery only
ToolSelection,ShrinkSelection,NumSub,unversioned mirror; discovery only
ToolSelection,ShrinkSelection,-,unversioned mirror; discovery only
ToolSelection,SetOriginToPivot,Ctrl+D,unversioned mirror; discovery only
ToolSelection,AlignObjects,Alt+T,unversioned mirror; discovery only
ToolSelection,AlignObjectsRotation,Alt+R,unversioned mirror; discovery only
ToolSelection,AlignObjectsToWorkplane,Alt+E,unversioned mirror; discovery only
ToolSelection,AlignWorkplaneToObject,Alt+Q,unversioned mirror; discovery only
ToolSelection,NextVariation,Alt+F,unversioned mirror; discovery only
ToolSelection,PreviousVariation,Alt+V,unversioned mirror; discovery only
ToolSelection,HideElement,Alt+B,unversioned mirror; discovery only
ToolSelection,ResetConfiguration,Alt+M,unversioned mirror; discovery only
ToolSelection,ReevaluateConfiguration,Ctrl+F,unversioned mirror; discovery only
ToolSelection,BakeMeshDeformers,Ctrl+L,unversioned mirror; discovery only
ToolSelection,ToggleDeformation,Alt+D,unversioned mirror; discovery only
ToolSelection,GizmoNumKey0,Num0,unversioned mirror; discovery only
ToolSelection,GizmoNumKey1,Num1,unversioned mirror; discovery only
ToolSelection,GizmoNumKey2,Num2,unversioned mirror; discovery only
ToolSelection,GizmoNumKey3,Num3,unversioned mirror; discovery only
ToolSelection,GizmoNumKey4,Num4,unversioned mirror; discovery only
ToolSelection,GizmoNumKey5,Num5,unversioned mirror; discovery only
ToolSelection,GizmoNumKey6,Num6,unversioned mirror; discovery only
ToolSelection,GizmoNumKey7,Num7,unversioned mirror; discovery only
ToolSelection,GizmoNumKey8,Num8,unversioned mirror; discovery only
ToolSelection,GizmoNumKey9,Num9,unversioned mirror; discovery only
ToolSelection,GizmoNumKeyDecimal,NumDec,unversioned mirror; discovery only
ToolSelection,GizmoComma,",",unversioned mirror; discovery only
ToolSelection,GizmoNumKeyMinus,NumSub,unversioned mirror; discovery only
ToolSelection,GizmoClearValue,Backspace,unversioned mirror; discovery only
ToolSelection,GizmoApplyValue,NumEnter,unversioned mirror; discovery only
ToolmeshDisplacement,ModePushPull,F,unversioned mirror; discovery only
ToolmeshDisplacement,ModeFlatten,G,unversioned mirror; discovery only
ToolmeshDisplacement,ModeMove,H,unversioned mirror; discovery only
ToolmeshDisplacement,ModeInflate,Z,unversioned mirror; discovery only
ToolmeshDisplacement,ModeClay,C,unversioned mirror; discovery only
ToolmeshDisplacement,ModePinch,V,unversioned mirror; discovery only
ToolmeshDisplacement,ModeErase,X,unversioned mirror; discovery only
ToolmeshDisplacement,ModeSmooth,B,unversioned mirror; discovery only
ToolmeshDisplacement,PickNormal,Ctrl+RMouse,unversioned mirror; discovery only
ToolmeshDisplacement,ResetNormal,Ctrl+Alt+RMouse,unversioned mirror; discovery only
ToolmeshDisplacement,Paint,LMouse,unversioned mirror; discovery only
ToolmeshDisplacement,AdjustRadius,MMouse,unversioned mirror; discovery only
ToolmeshDisplacement,SmoothModifier,Shift,unversioned mirror; discovery only
ToolmeshDisplacement,EraseModifer,Ctrl+Shift,unversioned mirror; discovery only
ToolmeshDisplacement,ReverseModifier,Ctrl,unversioned mirror; discovery only
ToolmeshDisplacement,DropTool,Space,unversioned mirror; discovery only
ToolmeshDisplacement,DropTool,Esc,unversioned mirror; discovery only
ToolPickEntity,Pick,LMouse,unversioned mirror; discovery only
ToolPickEntity,SelectionAddModifier,SELECTION_ADD_KEY,unversioned mirror; discovery only
ToolPickEntity,SelectionRemoveModifier,SELECTION_REMOVE_KEY,unversioned mirror; discovery only
ToolPickEntity,CancelTool,Esc,unversioned mirror; discovery only
ToolPickEntity,FinishTool,Enter,unversioned mirror; discovery only
ToolPlaceNavWalkable,Place,LMouse,unversioned mirror; discovery only
ToolPlaceNavWalkable,CancelTool,Esc,unversioned mirror; discovery only
ToolWorkPlane,PickWorkPlaneFromSurface,LMouse,unversioned mirror; discovery only
ToolWorkPlane,PickWorkPlaneFromObject,Shift+LMouse,unversioned mirror; discovery only
ToolWorkPlane,WorkPlaneModeTranslate,Shift+T,unversioned mirror; discovery only
ToolWorkPlane,WorkPlaneModeRotate,Shift+R,unversioned mirror; discovery only
ToolWorkPlane,ToggleSnapping,TOGGLE_SNAPPING_KEY,unversioned mirror; discovery only
ToolWorkPlane,ResetWorkPlaneAndDropTool,Esc,unversioned mirror; discovery only
ToolWorkPlane,DropTool,Space,unversioned mirror; discovery only
ToolWorkPlane,DropTool,Enter,unversioned mirror; discovery only
ToolTerrain,AdjustBrush,MMouse,unversioned mirror; discovery only
ToolTerrain,AdjustBrushPressure,Ctrl,unversioned mirror; discovery only
ToolTerrain,ApplyBrush,LMouse,unversioned mirror; discovery only
ToolTerrain,ApplyBrushErase,Ctrl,unversioned mirror; discovery only
ToolTerrain,ApplyBrushSmooth,Shift,unversioned mirror; discovery only
ToolTerrain,ApplyBrushAlternate,Alt,unversioned mirror; discovery only
TerrainGraphEditor,DeleteSelected,Del,unversioned mirror; discovery only
TerrainGraphEditorView,PanView,RMouse,unversioned mirror; discovery only
TerrainGraphEditorView,PanView,Alt+MMouse,unversioned mirror; discovery only
TerrainGraphEditorView,ZoomView,Alt+RMouse,unversioned mirror; discovery only
TerrainGraphEditorView,ZoomViewInStep,MWheelUp,unversioned mirror; discovery only
TerrainGraphEditorView,ZoomViewOutStep,MWheelDn,unversioned mirror; discovery only
TerrainGraphEditorView,FitSelectionInView,Shift+A,unversioned mirror; discovery only
TerrainGraphEditorView,FitSelectionInView,F,unversioned mirror; discovery only
TerrainGraphEditorView,FitAllInView,A,unversioned mirror; discovery only
ToolMeshProjection,Finish,Enter,unversioned mirror; discovery only
ToolMeshProjection,Finish,NumEnter,unversioned mirror; discovery only
ToolMeshProjection,UpdateProjection,Space,unversioned mirror; discovery only
ToolMeshProjection,Cancel,Esc,unversioned mirror; discovery only
EntityOutputWidget,Delete,Del,unversioned mirror; discovery only
EntityOutputWidget,Copy,Ctrl+C,unversioned mirror; discovery only
EntityOutputWidget,Paste,Ctrl+V,unversioned mirror; discovery only
EntityOutputWidget,CreateNew,Ctrl+N,unversioned mirror; discovery only
ToolDotaTileEditor,ModeBrushHeight,Q,unversioned mirror; discovery only
ToolDotaTileEditor,ModeBrushWater,E,unversioned mirror; discovery only
ToolDotaTileEditor,ModeBrushPath,R,unversioned mirror; discovery only
ToolDotaTileEditor,ModeBrushTrees,T,unversioned mirror; discovery only
ToolDotaTileEditor,ModeBrushPlants,Y,unversioned mirror; discovery only
ToolDotaTileEditor,ModeBrushBlends,O,unversioned mirror; discovery only
ToolDotaTileEditor,ModeEditObjects,U,unversioned mirror; discovery only
ToolDotaTileEditor,ModeSelect,I,unversioned mirror; discovery only
ToolDotaTileEditor,ModeEnableDisableTiles,H,unversioned mirror; discovery only
ToolDotaTileEditor,CycleModeForward,Space,unversioned mirror; discovery only
ToolDotaTileEditor,CycleModeBack,Shift+Space,unversioned mirror; discovery only
ToolDotaTileEditor,NextVariation,F,unversioned mirror; discovery only
ToolDotaTileEditor,PreviousVariation,V,unversioned mirror; discovery only
ToolDotaTileEditor,SelectNextTileSet,N,unversioned mirror; discovery only
ToolDotaTileEditor,AssignCurrentTileSet,Shift+C,unversioned mirror; discovery only
ToolDotaTileEditor,AssignNextTileSet,Ctrl+D,unversioned mirror; discovery only
ToolDotaTileEditor,AssignPreviousTileSet,Ctrl+Shift+D,unversioned mirror; discovery only
ToolDotaTileEditor,DeleteObject,Del,unversioned mirror; discovery only
ToolDotaTileEditor,Select,LMouse,unversioned mirror; discovery only
ToolDotaTileEditor,LassoSelect,MMouse,unversioned mirror; discovery only
ToolDotaTileEditor,BoxSelect,X+MMouse,unversioned mirror; discovery only
ToolDotaTileEditor,ClearSelection,Esc,unversioned mirror; discovery only
ToolDotaTileEditor,RandomVariation,C,unversioned mirror; discovery only
ToolDotaTileEditor,CollapseTiles,Ctrl+F,unversioned mirror; discovery only
ToolDotaTileEditor,RaiseTiles,G,unversioned mirror; discovery only
ToolDotaTileEditor,LowerTiles,B,unversioned mirror; discovery only
ToolDotaTileEditor,SelectionAddModifier,SELECTION_ADD_KEY,unversioned mirror; discovery only
ToolDotaTileEditor,SelectionRemoveModifier,SELECTION_REMOVE_KEY,unversioned mirror; discovery only
ToolDotaTileEditor,CopyItems,Ctrl+C,unversioned mirror; discovery only
ToolDotaTileEditor,PasteItems,Ctrl+V,unversioned mirror; discovery only
ToolDotaTileEditor,BeginPaste,Ctrl+Shift+V,unversioned mirror; discovery only
ToolDotaTileEditor,ApplyPaste,LMouse,unversioned mirror; discovery only
ToolDotaTileEditor,ApplyPaste,Ctrl+V,unversioned mirror; discovery only
ToolDotaTileEditor,ApplyPaste,Space,unversioned mirror; discovery only
ToolDotaTileEditor,FinishPaste,Enter,unversioned mirror; discovery only
ToolDotaTileEditor,CancelPaste,Esc,unversioned mirror; discovery only
ToolDotaTileEditor,EnableDisableTile,LMouse,unversioned mirror; discovery only
ToolDotaTileEditor,EnableTileModifier,Ctrl,unversioned mirror; discovery only
ToolDotaTileEditor,LassoEnableDisable,MMouse,unversioned mirror; discovery only
ToolDotaTileEditor,BoxEnableDisable,X+MMouse,unversioned mirror; discovery only
ToolDotaTileEditor,EnableDisableCutDummy,Ctrl+X,unversioned mirror; discovery only
ToolDotaTileEditor,AdjustRadius,MMouse,unversioned mirror; discovery only
ToolDotaTileEditor,ApplyBrush,LMouse,unversioned mirror; discovery only
ToolDotaTileEditor,StampBrush,LMouseDoubleClick,unversioned mirror; discovery only
ToolDotaTileEditor,RaiseVertex,G,unversioned mirror; discovery only
ToolDotaTileEditor,LowerVertex,B,unversioned mirror; discovery only
ToolDotaTileEditor,EraseBrush,Ctrl,unversioned mirror; discovery only
ToolDotaTileEditor,BrushAlternateMode,Shift,unversioned mirror; discovery only
ToolDotaTileEditor,BrushHeightOffsetMode,X,unversioned mirror; discovery only
ToolDotaTileEditor,BrushTilesetMode,C,unversioned mirror; discovery only
ToolDotaTileEditor,BrushAdjustDensity,Ctrl,unversioned mirror; discovery only
ToolDotaTileEditor,BrushIncreaseTreeHeight,G,unversioned mirror; discovery only
ToolDotaTileEditor,BrushDecreaseTreeHeight,B,unversioned mirror; discovery only
ToolDotaTileEditor,BrushChangeObjectType,C,unversioned mirror; discovery only
ToolDotaTileEditor,BrushChangeTreePitch,X,unversioned mirror; discovery only
ToolDotaTileEditor,BrushCutDummy,Ctrl+X,unversioned mirror; discovery only
ToolDotaTileEditor,BrushRotateObjects,Shift+MMouse,unversioned mirror; discovery only
ToolDotaTileEditor,BlendAdjustRadius,MMouse,unversioned mirror; discovery only
ToolDotaTileEditor,BlendApplyBrush,LMouse,unversioned mirror; discovery only
ToolDotaTileEditor,BlendStampBrush,LMouseDoubleClick,unversioned mirror; discovery only
ToolDotaTileEditor,BlendEraseBrush,Ctrl,unversioned mirror; discovery only
ToolDotaTileEditor,BlendBrushAdjustPressure,Ctrl,unversioned mirror; discovery only
ToolDotaTileEditor,BlendBrushSharpness,Shift,unversioned mirror; discovery only
ToolDotaTileEditor,BlendBrushSmooth,X,unversioned mirror; discovery only
ToolDotaTileEditor,BlendBrushMaterialSet,C,unversioned mirror; discovery only
ToolDotaTileEditor,SelectNextMaterialSet,N,unversioned mirror; discovery only
ToolDotaTileEditor,SetBlendModeLayer0,F,unversioned mirror; discovery only
ToolDotaTileEditor,SetBlendModeLayer1,G,unversioned mirror; discovery only
ToolDotaTileEditor,SetBlendModeLayer2,V,unversioned mirror; discovery only
ToolDotaTileEditor,SetBlendModeLayer3,B,unversioned mirror; discovery only
ToolDotaTileEditor,SetBlendModeColor,Alt+C,unversioned mirror; discovery only
ToolDotaTileEditor,AddObject,LMouse,unversioned mirror; discovery only
ToolDotaTileEditor,AddObject,LMouseDoubleClick,unversioned mirror; discovery only
ToolDotaTileEditor,ToggleRemoveObject,Ctrl,unversioned mirror; discovery only
ToolDotaTileEditor,ModifyObject,LMouse,unversioned mirror; discovery only
ToolDotaTileEditor,ModifyObject,LMouseDoubleClick,unversioned mirror; discovery only
ToolDotaTileEditor,RandomObjectVariation,C,unversioned mirror; discovery only
ToolDotaTileEditor,DragObject,LMouse,unversioned mirror; discovery only
ToolDotaTileEditor,RotateObject,X+LMouse,unversioned mirror; discovery only
ToolDotaTileEditor,RotateObject,MMouse,unversioned mirror; discovery only
ToolDotaTileEditor,PitchObject,B+LMouse,unversioned mirror; discovery only
ToolDotaTileEditor,PitchObject,Shift+MMouse,unversioned mirror; discovery only
ToolDotaTileEditor,DragClone,Shift,unversioned mirror; discovery only
ToolDotaTileEditor,StampObject,Shift,unversioned mirror; discovery only
ToolDotaTileEditor,ToggleSnapping,TOGGLE_SNAPPING_KEY,unversioned mirror; discovery only
